Title,Channel Name,Channel Logo,Thumbnail URL,Video URL,Views,Time Uploaded
Python Tutorial for Beginners - Full Course (with Notes & Practice Questions),Apna College,https://yt3.ggpht.com/nhDLqeIgXMJBDIrX2bXavvHoWX0tsslDEh7k2xZ1P0W8b_CMRVigp2kxJubYEVwBcBlogZDe=s68-c-k-c0x00ffffff-no-rj,https://i.ytimg.com/vi_webp/ERCMXc8x7mc/hqdefault.webp,https://www.youtube.com/watch?v=ERCMXc8x7mc&pp=ygUacHl0aG9uIHByb2dyYW1taW5nIGxhbmd1YWc%3D,536K views,2 weeks ago
Python Tutorial for Beginners | Learn Python in 1.5 Hours,Apna College,https://yt3.ggpht.com/nhDLqeIgXMJBDIrX2bXavvHoWX0tsslDEh7k2xZ1P0W8b_CMRVigp2kxJubYEVwBcBlogZDe=s68-c-k-c0x00ffffff-no-rj,https://i.ytimg.com/vi/vLqTf2b6GZw/hqdefault_13933.jpg?sqp=-oaymwEcCNACELwBSFXyq4qpAw4IARUAAIhCGAFwAcABBg==&rs=AOn4CLClydGRJPqtZBZ5cfjvEGwnp3t-Pg,https://www.youtube.com/watch?v=vLqTf2b6GZw&pp=ygUacHl0aG9uIHByb2dyYW1taW5nIGxhbmd1YWc%3D,9.1M views,2 years ago
Python Full Course For Beginners [Tutorial] 2023 | Python One Shot | College Wallah,College Wallah,https://yt3.ggpht.com/ClvFiuBkCGNqBgiV6BEI_nlLpdPXDD5yi_3GH2PpoZ-Oe49StwMMmhbybcKVGKQma0ZO2JVkpg=s68-c-k-c0x00ffffff-no-rj,https://i.ytimg.com/vi_webp/XnSasPR2KJI/hqdefault.webp,https://www.youtube.com/watch?v=XnSasPR2KJI&pp=ygUacHl0aG9uIHByb2dyYW1taW5nIGxhbmd1YWc%3D,1.2M views,5 months ago
WHY LEARN PYTHON in 2024? | Benefits of Learning Python | GeeksforGeeks,GeeksforGeeks,https://yt3.ggpht.com/ytc/AIdro_m8gxBdImNG5l_A_PkDKngTH9HwMNHCLgTvRCgP7g=s68-c-k-c0x00ffffff-no-rj,https://i.ytimg.com/vi_webp/AmU9Zi6TNrs/hqdefault.webp,https://www.youtube.com/watch?v=AmU9Zi6TNrs&pp=ygUacHl0aG9uIHByb2dyYW1taW5nIGxhbmd1YWc%3D,497 views,21 hours ago
Python Programming Full Tutorial in One Video (2024) | Python full course,CoDing SeeKho(by Vikas Singh),https://yt3.ggpht.com/kVdUh_y72y0I6rfRTpP0mFcl-VdvAYvAOPvKNuER3fYVefbR0GFIBX8FYVnie6WE6FrQtF23OQ=s68-c-k-c0x00ffffff-no-rj,https://i.ytimg.com/vi/0v3bpmHc02I/hqdefault.jpg,https://www.youtube.com/watch?v=0v3bpmHc02I&pp=ygUacHl0aG9uIHByb2dyYW1taW5nIGxhbmd1YWc%3D,351K views,4 months ago
Python Programming Full Tutorial in One Video (2024) | Python full course,CoDing SeeKho(by Vikas Singh),https://yt3.ggpht.com/kVdUh_y72y0I6rfRTpP0mFcl-VdvAYvAOPvKNuER3fYVefbR0GFIBX8FYVnie6WE6FrQtF23OQ=s68-c-k-c0x00ffffff-no-rj,https://i.ytimg.com/vi/0v3bpmHc02I/hqdefault.jpg,https://www.youtube.com/watch?v=0v3bpmHc02I&pp=ygUacHl0aG9uIHByb2dyYW1taW5nIGxhbmd1YWc%3D,351K views,4 months ago
Python Tutorial - Python Full Course for Beginners,Programming with Mosh,https://yt3.ggpht.com/ebu9ZksIXw0tUWBZd6rtk-It8VGSk8AdfSI_eGR-fl6WGet9LnVPngNQCmjdLJeGXpuylwYInQ=s68-c-k-c0x00ffffff-no-rj,https://i.ytimg.com/vi/_uQrJ0TkZlc/hqdefault_2266.jpg?sqp=-oaymwEcCNACELwBSFXyq4qpAw4IARUAAIhCGAFwAcABBg==&rs=AOn4CLBobJ03titjP6CJLnjLpIB4LDtwRA,https://www.youtube.com/watch?v=_uQrJ0TkZlc&pp=ygUacHl0aG9uIHByb2dyYW1taW5nIGxhbmd1YWc%3D,37M views,5 years ago
Python for Beginners - Learn Python in 1 Hour,Programming with Mosh,https://yt3.ggpht.com/ebu9ZksIXw0tUWBZd6rtk-It8VGSk8AdfSI_eGR-fl6WGet9LnVPngNQCmjdLJeGXpuylwYInQ=s68-c-k-c0x00ffffff-no-rj,https://i.ytimg.com/vi/kqtD5dpn9C8/hqdefault_10000.jpg?sqp=-oaymwEcCNACELwBSFXyq4qpAw4IARUAAIhCGAFwAcABBg==&rs=AOn4CLB8FLj8IOFMnloUX0VPkb8KGmy9Kw,https://www.youtube.com/watch?v=kqtD5dpn9C8&pp=ygUacHl0aG9uIHByb2dyYW1taW5nIGxhbmd1YWc%3D,15M views,3 years ago
C Language Tutorial for Beginners (with Notes & Practice Questions),Apna College,https://yt3.ggpht.com/nhDLqeIgXMJBDIrX2bXavvHoWX0tsslDEh7k2xZ1P0W8b_CMRVigp2kxJubYEVwBcBlogZDe=s68-c-k-c0x00ffffff-no-rj,https://i.ytimg.com/vi/irqbmMNs2Bo/hqdefault.jpg,https://www.youtube.com/watch?v=irqbmMNs2Bo&pp=ygUacHl0aG9uIHByb2dyYW1taW5nIGxhbmd1YWc%3D,27M views,1 year ago
C Language Tutorial for Beginners (with Notes & Practice Questions),Apna College,https://yt3.ggpht.com/nhDLqeIgXMJBDIrX2bXavvHoWX0tsslDEh7k2xZ1P0W8b_CMRVigp2kxJubYEVwBcBlogZDe=s68-c-k-c0x00ffffff-no-rj,https://i.ytimg.com/vi/irqbmMNs2Bo/hqdefault.jpg,https://www.youtube.com/watch?v=irqbmMNs2Bo&pp=ygUacHl0aG9uIHByb2dyYW1taW5nIGxhbmd1YWc%3D,27M views,1 year ago
Python Full Course for free üêç,Bro Code,https://yt3.ggpht.com/ytc/AIdro_nLqPcwW74ZC3x9-aHt0xdsKl2UYaBVTijraYjHLw=s68-c-k-c0x00ffffff-no-rj,https://i.ytimg.com/vi/XKHEtdqhLK8/hqdefault.jpg,https://www.youtube.com/watch?v=XKHEtdqhLK8&pp=ygUbcHl0aG9uIHByb2dyYW1taW5nIGxhbmd1YWdl,16M views,3 years ago
Python Programming Full Tutorial in One Video (2024) | Python full course,CoDing SeeKho(by Vikas Singh),https://yt3.ggpht.com/kVdUh_y72y0I6rfRTpP0mFcl-VdvAYvAOPvKNuER3fYVefbR0GFIBX8FYVnie6WE6FrQtF23OQ=s68-c-k-c0x00ffffff-no-rj,https://i.ytimg.com/vi/0v3bpmHc02I/hqdefault.jpg,https://www.youtube.com/watch?v=0v3bpmHc02I&pp=ygUbcHl0aG9uIHByb2dyYW1taW5nIGxhbmd1YWdl,351K views,4 months ago
Python in 100 Seconds,Fireship,https://yt3.ggpht.com/ytc/AIdro_ltOWCZT10fChupyd1atupxII0RoP97CwYGr0Gphw=s68-c-k-c0x00ffffff-no-rj,https://i.ytimg.com/vi/x7X9w_GIm1s/hqdefault_4900.jpg?sqp=-oaymwEcCNACELwBSFXyq4qpAw4IARUAAIhCGAFwAcABBg==&rs=AOn4CLD5JlN4asUSpM82WX3XUeKAC2k5KQ,https://www.youtube.com/watch?v=x7X9w_GIm1s&pp=ygUbcHl0aG9uIHByb2dyYW1taW5nIGxhbmd1YWdl,2.3M views,2 years ago
Python Tutorial for Beginners - Learn Python in 5 Hours [FULL COURSE],TechWorld with Nana,https://yt3.ggpht.com/kXyR8Aa32KXnZWVdkAFUYK5utM752kSJPHGtYiJ4ev6BmdFHi-dl1EFbI3TogmHBjszwc7m2=s68-c-k-c0x00ffffff-no-rj,https://i.ytimg.com/vi/t8pPdKYpowI/hqdefault_3866.jpg?sqp=-oaymwEcCNACELwBSFXyq4qpAw4IARUAAIhCGAFwAcABBg==&rs=AOn4CLBFUgcgZ-pihwTrMoh0APifqN6A2w,https://www.youtube.com/watch?v=t8pPdKYpowI&pp=ygUbcHl0aG9uIHByb2dyYW1taW5nIGxhbmd1YWdl,5.3M views,2 years ago
Python Tutorial in Hindi | Learn Python in Hindi | Python Full Course in Hindi | Python Tutorial,Great Learning,https://yt3.ggpht.com/ytc/AIdro_m30G90Yxx5jWiLtWvfDCozJnvYRD4XEY7zv7jZ6A=s68-c-k-c0x00ffffff-no-rj,https://i.ytimg.com/vi_webp/eTyI-M50Hu4/hqdefault.webp,https://www.youtube.com/watch?v=eTyI-M50Hu4&pp=ygUbcHl0aG9uIHByb2dyYW1taW5nIGxhbmd1YWdl,2.2M views,3 years ago
Python in 8 Minutes (in Hindi) üêç,CodeWithHarry,https://yt3.ggpht.com/ytc/AIdro_krnyU9zev1u94JYs4opG8p1sYE3HQ9oButitIb7A=s68-c-k-c0x00ffffff-no-rj,https://i.ytimg.com/vi/JdG1cVFyj5A/hqdefault_14300.jpg?sqp=-oaymwEcCNACELwBSFXyq4qpAw4IARUAAIhCGAFwAcABBg==&rs=AOn4CLD6JxAqdfrSuMw5f94Si7pgcYAvng,https://www.youtube.com/watch?v=JdG1cVFyj5A&pp=ygUbcHl0aG9uIHByb2dyYW1taW5nIGxhbmd1YWdl,1.1M views,2 years ago
Python Tutorial for Beginners - Full Course in 12 Hours (2022),Clever Programmer,https://yt3.ggpht.com/ytc/AIdro_nbK_D94OcXEb4TJMW2JzTTtdB6DjfZPQpaSlcLfQ=s68-c-k-c0x00ffffff-no-rj,https://i.ytimg.com/vi/B9nFMZIYQl0/hqdefault.jpg,https://www.youtube.com/watch?v=B9nFMZIYQl0&pp=ygUbcHl0aG9uIHByb2dyYW1taW5nIGxhbmd1YWdl,426K views,1 year ago
Learn Python in 2 Hours: The Complete Course for Beginners in Tamil,code io - Tamil,https://yt3.ggpht.com/qfHTnvlLYA6g79SFWdY4tbE9waKAj0GmgbnMlXwfHRV-Awqu6sHYKOMScLh1az3w1iNF_64_ETQ=s68-c-k-c0x00ffffff-no-rj,https://i.ytimg.com/vi/xErUnOKQbFw/hqdefault_14100.jpg?sqp=-oaymwEcCNACELwBSFXyq4qpAw4IARUAAIhCGAFwAcABBg==&rs=AOn4CLCTMGO5DnZ3p2jFy-Xf6CXmTgYr5Q,https://www.youtube.com/watch?v=xErUnOKQbFw&pp=ygUbcHl0aG9uIHByb2dyYW1taW5nIGxhbmd1YWdl,628K views,2 years ago
Python Tutorial For Beginners in Hindi | Python Full Course in Hindi | Complete Python Tutorial,Micro Solution,https://yt3.ggpht.com/ytc/AIdro_n948JrjuDYzmO_fzgabxeWUO9s9Lc4NGOkO0yiDw=s68-c-k-c0x00ffffff-no-rj,https://i.ytimg.com/vi/aXemrB2ATdA/hqdefault.jpg,https://www.youtube.com/watch?v=aXemrB2ATdA&pp=ygUbcHl0aG9uIHByb2dyYW1taW5nIGxhbmd1YWdl,566K views,2 years ago
Python Tutorial - Python Full Course for Beginners in Tamil,Error Makes Clever Academy,https://yt3.ggpht.com/Vd-4igGVIeL872Xje2tGDZKnfj5wT9AUN1mLhVAL9cP-TNuDy8BtD0X8YdzzGX4K7TSRpPq6=s68-c-k-c0x00ffffff-no-rj,https://i.ytimg.com/vi/m67-bOpOoPU/hqdefault.jpg,https://www.youtube.com/watch?v=m67-bOpOoPU&pp=ygUbcHl0aG9uIHByb2dyYW1taW5nIGxhbmd1YWdl,2.2M views,8 months ago
Python Tutorial for Beginners - Full Course in 12 Hours (2022),Clever Programmer,https://yt3.ggpht.com/ytc/AIdro_nbK_D94OcXEb4TJMW2JzTTtdB6DjfZPQpaSlcLfQ=s68-c-k-c0x00ffffff-no-rj,https://i.ytimg.com/vi/B9nFMZIYQl0/hqdefault.jpg,https://www.youtube.com/watch?v=B9nFMZIYQl0&pp=ygUbcHl0aG9uIHByb2dyYW1taW5nIGxhbmd1YWdl,426K views,1 year ago
Python in 8 Minutes (in Hindi) üêç,CodeWithHarry,https://yt3.ggpht.com/ytc/AIdro_krnyU9zev1u94JYs4opG8p1sYE3HQ9oButitIb7A=s68-c-k-c0x00ffffff-no-rj,https://i.ytimg.com/vi/JdG1cVFyj5A/hqdefault_14300.jpg?sqp=-oaymwEcCNACELwBSFXyq4qpAw4IARUAAIhCGAFwAcABBg==&rs=AOn4CLD6JxAqdfrSuMw5f94Si7pgcYAvng,https://www.youtube.com/watch?v=JdG1cVFyj5A&pp=ygUbcHl0aG9uIHByb2dyYW1taW5nIGxhbmd1YWdl,1.1M views,2 years ago
Python Tutorial in Hindi | Learn Python in Hindi | Python Full Course in Hindi | Python Tutorial,Great Learning,https://yt3.ggpht.com/ytc/AIdro_m30G90Yxx5jWiLtWvfDCozJnvYRD4XEY7zv7jZ6A=s68-c-k-c0x00ffffff-no-rj,https://i.ytimg.com/vi_webp/eTyI-M50Hu4/hqdefault.webp,https://www.youtube.com/watch?v=eTyI-M50Hu4&pp=ygUbcHl0aG9uIHByb2dyYW1taW5nIGxhbmd1YWdl,2.2M views,3 years ago
Python Tutorial - Python Full Course for Beginners in Tamil,Error Makes Clever Academy,https://yt3.ggpht.com/Vd-4igGVIeL872Xje2tGDZKnfj5wT9AUN1mLhVAL9cP-TNuDy8BtD0X8YdzzGX4K7TSRpPq6=s68-c-k-c0x00ffffff-no-rj,https://i.ytimg.com/vi/m67-bOpOoPU/hqdefault.jpg,https://www.youtube.com/watch?v=m67-bOpOoPU&pp=ygUbcHl0aG9uIHByb2dyYW1taW5nIGxhbmd1YWdl,2.2M views,8 months ago
Python Tutorial for Absolute Beginners #1 - What Are Variables?,CS Dojo,https://yt3.ggpht.com/ytc/AIdro_mHrx1EUAmidqrqL2epGhd8UqnFtBpvTJqbcV-H=s68-c-k-c0x00ffffff-no-rj,https://i.ytimg.com/vi/Z1Yd7upQsXY/hqdefault_933.jpg?sqp=-oaymwEcCNACELwBSFXyq4qpAw4IARUAAIhCGAFwAcABBg==&rs=AOn4CLBqoQ6jhkQM2iOe2YeOBi00wP_IKA,https://www.youtube.com/watch?v=Z1Yd7upQsXY&pp=ygUbcHl0aG9uIHByb2dyYW1taW5nIGxhbmd1YWdl,8.8M views,6 years ago
#1 Python Tutorial for Beginners | Introduction to Python,Telusko,https://yt3.ggpht.com/o4MZVi2qdNgx0K7vpEl7DT2PefjROdisZTD7is6TMimF1_DTM49O1ld3iQzTpE5MCj86c-vzav8=s68-c-k-c0x00ffffff-no-rj,https://i.ytimg.com/vi/hEgO047GxaQ/hqdefault_4133.jpg?sqp=-oaymwEcCNACELwBSFXyq4qpAw4IARUAAIhCGAFwAcABBg==&rs=AOn4CLBlmgxif_3II3uULqj6ozLRKfbLew,https://www.youtube.com/watch?v=hEgO047GxaQ&pp=ygUbcHl0aG9uIHByb2dyYW1taW5nIGxhbmd1YWdl,4.9M views,5 years ago
Python Tutorial for Beginners (with mini-projects),freeCodeCamp.org,https://yt3.ggpht.com/ytc/AIdro_lBsjXx6eJ7L26I_dGpRjq8mUkuSmbw8D2_ksKu8w=s68-c-k-c0x00ffffff-no-rj,https://i.ytimg.com/vi/qwAFL1597eM/hqdefault.jpg,https://www.youtube.com/watch?v=qwAFL1597eM&pp=ygUbcHl0aG9uIHByb2dyYW1taW5nIGxhbmd1YWdl,387K views,5 months ago
Python for Beginners ‚Äì Full Course [Programming Tutorial],freeCodeCamp.org,https://yt3.ggpht.com/ytc/AIdro_lBsjXx6eJ7L26I_dGpRjq8mUkuSmbw8D2_ksKu8w=s68-c-k-c0x00ffffff-no-rj,https://i.ytimg.com/vi/eWRfhZUzrAc/hqdefault_18066.jpg?sqp=-oaymwEcCNACELwBSFXyq4qpAw4IARUAAIhCGAFwAcABBg==&rs=AOn4CLD5sKcR1_topXKlsHtt7_0Tt4mHIw,https://www.youtube.com/watch?v=eWRfhZUzrAc&pp=ygUbcHl0aG9uIHByb2dyYW1taW5nIGxhbmd1YWdl,2M views,1 year ago
PYTHON TUTORIAL FOR BEGINNERS IN 6 HOURS (‡∞§‡±Ü‡∞≤‡±Å‡∞ó‡±Å ‡∞≤‡±ã),Sundeep Saradhi Kanthety,https://yt3.ggpht.com/ytc/AIdro_lp-wGzOYmQGQMzvPmeP4mFNLVgMJPfdcR_JZg8dQ=s68-c-k-c0x00ffffff-no-rj,https://i.ytimg.com/vi/9hVzEKZQyMU/hqdefault_27866.jpg?sqp=-oaymwEcCNACELwBSFXyq4qpAw4IARUAAIhCGAFwAcABBg==&rs=AOn4CLCNHfOK_j1BwqhBjt8w5EMzfZu8DQ,https://www.youtube.com/watch?v=9hVzEKZQyMU&pp=ygUbcHl0aG9uIHByb2dyYW1taW5nIGxhbmd1YWdl,3.9M views,3 years ago
What is Python? | Python Programming For Beginners | Python Tutorial | Edureka,edureka!,https://yt3.ggpht.com/OtB--dcR_oNUZUaUsuyk2ShT5nFYjEcj9Yxx50-Nner03vXKt4IWXtP--JrnSGQbwRSHYuVb38g=s68-c-k-c0x00ffffff-no-rj,https://i.ytimg.com/vi/WvhQhj4n6b8/hqdefault_6000.jpg?sqp=-oaymwEcCNACELwBSFXyq4qpAw4IARUAAIhCGAFwAcABBg==&rs=AOn4CLDu8fTpdOf8QDxMmz0MbCtuM32XTg,https://www.youtube.com/watch?v=WvhQhj4n6b8&pp=ygUbcHl0aG9uIHByb2dyYW1taW5nIGxhbmd1YWdl,847K views,4 years ago
Python Object Oriented Programming (OOP) - For Beginners,Tech With Tim,https://yt3.ggpht.com/ytc/AIdro_ntb70baqDzwAibFdBVBeG8OmYK61YJoykUJK4XGA=s68-c-k-c0x00ffffff-no-rj,https://i.ytimg.com/vi/JeznW_7DlB0/hqdefault_21866.jpg?sqp=-oaymwEcCNACELwBSFXyq4qpAw4IARUAAIhCGAFwAcABBg==&rs=AOn4CLA_BJ9VZc3wjw0VLXXMEC_KEWIekw,https://www.youtube.com/watch?v=JeznW_7DlB0&pp=ygUbcHl0aG9uIHByb2dyYW1taW5nIGxhbmd1YWdl,3.1M views,3 years ago
How I would learn to code (If I could start over),Jason Goodison,https://yt3.ggpht.com/36ctqV30Up1TofXk7YVZWszgmKCo7srIz9Ofv5IYSseWXFynUlzQ2tgNcIKi_Fwepw2VnXdhFVI=s68-c-k-c0x00ffffff-no-rj,https://i.ytimg.com/vi/9s29LKfEFjQ/hqdefault_66.jpg?sqp=-oaymwEcCNACELwBSFXyq4qpAw4IARUAAIhCGAFwAcABBg==&rs=AOn4CLDOn-Sknyj2qAmOMFGvfGu1Q7xuDQ,https://www.youtube.com/watch?v=9s29LKfEFjQ&pp=ygUbcHl0aG9uIHByb2dyYW1taW5nIGxhbmd1YWdl,4.2M views,1 year ago
Python Basics | Python Tutorial For Beginners | Learn Python Programming from Scratch | Edureka,edureka!,https://yt3.ggpht.com/OtB--dcR_oNUZUaUsuyk2ShT5nFYjEcj9Yxx50-Nner03vXKt4IWXtP--JrnSGQbwRSHYuVb38g=s68-c-k-c0x00ffffff-no-rj,https://i.ytimg.com/vi/woVJ4N5nl_s/hqdefault_2200.jpg?sqp=-oaymwEcCNACELwBSFXyq4qpAw4IARUAAIhCGAFwAcABBg==&rs=AOn4CLBI6mfES-7m7Rsjf-bbWQVVU24x0Q,https://www.youtube.com/watch?v=woVJ4N5nl_s&pp=ygUbcHl0aG9uIHByb2dyYW1taW5nIGxhbmd1YWdl,1.2M views,Streamed 4 years ago
Python 101: Learn the 5 Must-Know Concepts,Tech With Tim,https://yt3.ggpht.com/ytc/AIdro_ntb70baqDzwAibFdBVBeG8OmYK61YJoykUJK4XGA=s68-c-k-c0x00ffffff-no-rj,https://i.ytimg.com/vi/mMv6OSuitWw/hqdefault_8233.jpg?sqp=-oaymwEcCNACELwBSFXyq4qpAw4IARUAAIhCGAFwAcABBg==&rs=AOn4CLCFWeKDt3wB-vWH0blV5cd15uh3vA,https://www.youtube.com/watch?v=mMv6OSuitWw&pp=ygUbcHl0aG9uIHByb2dyYW1taW5nIGxhbmd1YWdl,912K views,9 months ago
HOW I Learned Python in 30 Days? BEST Python Course,Ishan Sharma,https://yt3.ggpht.com/omDV4RX5BjOw_R3J8L-qwETRq4qqy_uN5DTo58Trg1HW6TM2ejPGuVjtRjh2BrlGpeRLgaPAtA=s68-c-k-c0x00ffffff-no-rj,https://i.ytimg.com/vi/Ogild8PjK6c/hqdefault.jpg,https://www.youtube.com/watch?v=Ogild8PjK6c&pp=ygUbcHl0aG9uIHByb2dyYW1taW5nIGxhbmd1YWdl,708K views,2 years ago
Intermediate Python Programming Course,freeCodeCamp.org,https://yt3.ggpht.com/ytc/AIdro_lBsjXx6eJ7L26I_dGpRjq8mUkuSmbw8D2_ksKu8w=s68-c-k-c0x00ffffff-no-rj,https://i.ytimg.com/vi/HGOBQPFzWKo/hqdefault_21866.jpg?sqp=-oaymwEcCNACELwBSFXyq4qpAw4IARUAAIhCGAFwAcABBg==&rs=AOn4CLAWXxmxpqpoCjZDr1SmDvDIpOW1eA,https://www.youtube.com/watch?v=HGOBQPFzWKo&pp=ygUbcHl0aG9uIHByb2dyYW1taW5nIGxhbmd1YWdl,3.5M views,3 years ago
#3 Python Tutorial for Beginners | Getting Started with Python,Telusko,https://yt3.ggpht.com/o4MZVi2qdNgx0K7vpEl7DT2PefjROdisZTD7is6TMimF1_DTM49O1ld3iQzTpE5MCj86c-vzav8=s68-c-k-c0x00ffffff-no-rj,https://i.ytimg.com/vi/DWgzHbglNIo/hqdefault_18266.jpg?sqp=-oaymwEcCNACELwBSFXyq4qpAw4IARUAAIhCGAFwAcABBg==&rs=AOn4CLBubOlWwBurNvDHs4SaV5EWq9dGGg,https://www.youtube.com/watch?v=DWgzHbglNIo&pp=ygUbcHl0aG9uIHByb2dyYW1taW5nIGxhbmd1YWdl,3.8M views,5 years ago
Complete python roadmap | How to become an expert in python programming,codebasics,https://yt3.ggpht.com/DZidE7P_ESU8Y_dZ5_PrTAItOkSuayCfE2tYkKCnjtFYes7nA2sE-UF1fi3tZLjozlg0h1aK=s68-c-k-c0x00ffffff-no-rj,https://i.ytimg.com/vi/27u8xHqLMZE/hqdefault_733.jpg?sqp=-oaymwEcCNACELwBSFXyq4qpAw4IARUAAIhCGAFwAcABBg==&rs=AOn4CLBuVxX9O5lboqKJFnc3aN31A9XNVw,https://www.youtube.com/watch?v=27u8xHqLMZE&pp=ygUbcHl0aG9uIHByb2dyYW1taW5nIGxhbmd1YWdl,879K views,3 years ago
Python Tutorial for Beginners | Python Programming Language Tutorial | Python Training | Edureka,edureka!,https://yt3.ggpht.com/OtB--dcR_oNUZUaUsuyk2ShT5nFYjEcj9Yxx50-Nner03vXKt4IWXtP--JrnSGQbwRSHYuVb38g=s68-c-k-c0x00ffffff-no-rj,https://i.ytimg.com/vi/N0lxfilGfak/hqdefault_4866.jpg?sqp=-oaymwEcCNACELwBSFXyq4qpAw4IARUAAIhCGAFwAcABBg==&rs=AOn4CLCPP8anx7Y5xwXp57JDi7-BfPxJ_Q,https://www.youtube.com/watch?v=N0lxfilGfak&pp=ygUbcHl0aG9uIHByb2dyYW1taW5nIGxhbmd1YWdl,1.5M views,7 years ago
#67 Python Tutorial for Beginners | is Python Compiled or Interpreted Language?,Telusko,https://yt3.ggpht.com/o4MZVi2qdNgx0K7vpEl7DT2PefjROdisZTD7is6TMimF1_DTM49O1ld3iQzTpE5MCj86c-vzav8=s68-c-k-c0x00ffffff-no-rj,https://i.ytimg.com/vi/0BhSWyDEDC4/hqdefault_35166.jpg?sqp=-oaymwEcCNACELwBSFXyq4qpAw4IARUAAIhCGAFwAcABBg==&rs=AOn4CLCYWMa6imyu5CVvOLMuuTNn459nWg,https://www.youtube.com/watch?v=0BhSWyDEDC4&pp=ygUbcHl0aG9uIHByb2dyYW1taW5nIGxhbmd1YWdl,226K views,5 years ago
Mastering Python - Everything You Need To Know To Become a Python Master,Tech With Tim,https://yt3.ggpht.com/ytc/AIdro_ntb70baqDzwAibFdBVBeG8OmYK61YJoykUJK4XGA=s68-c-k-c0x00ffffff-no-rj,https://i.ytimg.com/vi/p15xzjzR9j0/hqdefault_12933.jpg?sqp=-oaymwEcCNACELwBSFXyq4qpAw4IARUAAIhCGAFwAcABBg==&rs=AOn4CLD9XxzQhmaTa1RpIOKCkuAu1JHJlA,https://www.youtube.com/watch?v=p15xzjzR9j0&pp=ygUbcHl0aG9uIHByb2dyYW1taW5nIGxhbmd1YWdl,1.3M views,3 years ago
Python Tutorial for Absolute Beginners #1 - What Are Variables?,CS Dojo,https://yt3.ggpht.com/ytc/AIdro_mHrx1EUAmidqrqL2epGhd8UqnFtBpvTJqbcV-H=s68-c-k-c0x00ffffff-no-rj,https://i.ytimg.com/vi/Z1Yd7upQsXY/hqdefault_933.jpg?sqp=-oaymwEcCNACELwBSFXyq4qpAw4IARUAAIhCGAFwAcABBg==&rs=AOn4CLBqoQ6jhkQM2iOe2YeOBi00wP_IKA,https://www.youtube.com/watch?v=Z1Yd7upQsXY&pp=ygUbcHl0aG9uIHByb2dyYW1taW5nIGxhbmd1YWdl,8.8M views,6 years ago
Python Tutorial For Beginners (With Notes) üî•,ProgrammingWithHarry,https://yt3.ggpht.com/ytc/AIdro_li1GJNdz788_hefM_lsmTauukheYaF2XHxbwpu6g=s68-c-k-c0x00ffffff-no-rj,https://i.ytimg.com/vi/EyEqWFvLDT8/hqdefault.jpg,https://www.youtube.com/watch?v=EyEqWFvLDT8&pp=ygUbcHl0aG9uIHByb2dyYW1taW5nIGxhbmd1YWdl,1M views,2 years ago
What Programming Language Should I Learn First?,CS Dojo,https://yt3.ggpht.com/ytc/AIdro_mHrx1EUAmidqrqL2epGhd8UqnFtBpvTJqbcV-H=s68-c-k-c0x00ffffff-no-rj,https://i.ytimg.com/vi/poJfwre2PIs/hqdefault_13933.jpg?sqp=-oaymwEcCNACELwBSFXyq4qpAw4IARUAAIhCGAFwAcABBg==&rs=AOn4CLA7heszDgl8dB3CKoEyv4Z-u1ltVQ,https://www.youtube.com/watch?v=poJfwre2PIs&pp=ygUbcHl0aG9uIHByb2dyYW1taW5nIGxhbmd1YWdl,2.1M views,6 years ago
Guido van Rossum: Python and the Future of Programming | Lex Fridman Podcast #341,Lex Fridman,https://yt3.ggpht.com/ytc/AIdro_mCT410b_KihvHJjbU5f59PoWsfrqbNg-Zr7dHexu4=s68-c-k-c0x00ffffff-no-rj,https://i.ytimg.com/vi/-DVyjdw4t9I/hqdefault_12900.jpg?sqp=-oaymwEcCNACELwBSFXyq4qpAw4IARUAAIhCGAFwAcABBg==&rs=AOn4CLColOufqJAn3RszQz2hdxWIR_V7mA,https://www.youtube.com/watch?v=-DVyjdw4t9I&pp=ygUbcHl0aG9uIHByb2dyYW1taW5nIGxhbmd1YWdl,1.2M views,1 year ago
How I Would Learn Python FAST in 2023 (from zero),Internet Made Coder,https://yt3.ggpht.com/JCxw636VkW0aNDYa3CkTblvvmhEi1VTYdpMagq7Zj8trOizp2kINd74JpHR4FHckBU_vCIR7hQ=s68-c-k-c0x00ffffff-no-rj,https://i.ytimg.com/vi/rwWCyXYwPhA/hqdefault_26200.jpg?sqp=-oaymwEcCNACELwBSFXyq4qpAw4IARUAAIhCGAFwAcABBg==&rs=AOn4CLDipiNdXj75zWC2kTWU3YiQz7lxSg,https://www.youtube.com/watch?v=rwWCyXYwPhA&pp=ygUbcHl0aG9uIHByb2dyYW1taW5nIGxhbmd1YWdl,413K views,1 year ago
