Product Name,Price
"Storio Toys Dancing Cactus Talking Toy, Cactus Plush Toy, Wriggle & Singing Recording Repeat What You Say Funny Education Toys for Babies Children Playing, Home Decorate",318.0
Storio Toy Octopus Plushie Reversible Soft Toys for Kids | Plush Soft Toys for Baby Boys and Girls | Octopus Soft Toy for Kids -18cm,149.0
"Mattel Uno Playing Card Game for 7 Yrs and Above for Adult,set of 112 cards",119.0
"Einstein Box Ultimate Science Kit for Boys and Girls Ages 6-8-10-12-14 Years| Birthday Gifts Ideas for Kids| STEM Learning Toys for 6,7,8,9,10,11,12,13,14 Year Olds|",699.0
"Amazon Brand - Jam & Honey Penguin, Plush/Soft Toy for Boys, Girls and Kids, Super-Soft, Safe, Great Birthday Gift (Black and White, 17 cm)",179.0
"Popsugar Off Roader Rechargeable Remote Control Monster Truck with 2 Speeds and 4 Headlight Modes | Lithium Battery | C-Type Charging | Remote Control Car for Kids | Made in India, Black Mat",1319.0
HUG 'n' FEEL SOFT TOYS Panda Soft Toy | Birthday Gift for Girls Plush & Stuffed Toys,199.0
Little's Plastic Junior Ring (Multicolour) (6 pieces),199.0
"DearJoy Polyester Big Size Fibre Filled Stuffed Animal Elephant Soft Toy For Baby Of Plush Hugging Pillow Soft Toy For Kids Boy Girl Birthday Gift (60 Cm, Grey)",565.0
"Storio 3 Slides 24 Patterns Mini Projector Torch Toy Slide Flashlight Projector Torch for Kids Sleeping Story Toys for Toddlers, Educational Learning Toys,Space,Animal &Foods",99.0
"LuvLap Sunny Ride on & Car for Kids with Music & Horn Steering, Push Car for Baby with Backrest, Safety Guard, Under Seat Storage & Big Wheels, Ride on for Kids 1 to 3 Years Upto 25 Kgs (Yellow)",1199.0
"COSMOBABY Swimming Bath Toys for Toddlers 1-3, Floating Wind Up Toys for 1-5 Year Old Boy Girl, New Born Baby Bathtub Water Toys, Preschool Toddler Pool Toys (Turtle)(Pack of 1) Proudly Made in India",89.0
Smart Picks Drop Puzzle Game Multicolor,96.0
Mirana C-Type USB Rechargeable Battery Powered Hover Football Indoor Floating Hoverball Soccer | Air Football Smart | Original Made in India Fun Toy for Boys and Kids (Red),689.0
"Cello ColourUp Hobby Bag | Colouring Kit includes Crayons, Colour Pencils, Sketch Pens & Activity Book | Travel Friendly Back Pack Bag | Ideal for Kids Gifting",400.0
"Kidsmate Junior Plug N Play Kids/Baby Tricycle with Parental Control, Storage Basket, Cushion Seat and Seat Belt for 12 Months to 48 Months Boys/Girls/Carrying Capacity Upto 30 Kgs",1699.0
"Imagimake Mapology India with State Capitals - Educational Toy and Learning Aid for Boys and Girls - India Map Puzzle - Jigsaw Puzzle, 25 Pieces, Kids",414.0
"Lifelong Kick Scooter with Adjustable Height | Foldable Scooter | Skate Scooter for Kids with PVC Wheel | Max User Weight - 50 kg, Pink & Blue, 6 Months Manufacturer's Warranty, LLKS03",1199.0
"Nerf Alpha Strike Fang Qs-4 Toy Blaster, Fire 4 Darts in A Row, 10 Nerf Darts, Christmas Gift Toys for Kids Teens&Adults, Christmas Toy for Boys, Birthday Gift Toy Ages 8+,Best Xmas Gift,Multicolor",405.0
GRAPHENE® Talking Flash Cards Early Electronic Montessori preshcool Learning Educational Toys for Toddlers Babies 6 to 12 Months 1 2 3 4 5 Year Old Kids (Flash Card 1),329.0
GRAPHENE® 6 Slides 48 Patterns Mini Projector Torch Toy Slide Flashlight Projector Torch for Kids Projection Light Toy Slide Flashlight Lamp Education Learning Night Light (Random Slides),189.0
"GRAPHENE Monster Truck for Boys 3 4 5 6 7 Year Old,Push and Go Friction Powered Car Toys, Double-Directions Inertia Pull Back Vehicle Set,Birthday Party Gift for Kids (‎Multicolor)",128.0
"Storescent Reversible Cat Soft Toys for Kids, Cat Stuffed Animal Plush Soft Toys for Boys and Girls | Cat Plushie Toy (Happy Black/Angry Grey)",202.0
"UNO Kid Mattel Games Uno Flip Side Card Game, Multi Color",175.0
"Jack Royal Storm Hot Fire Soft Bullet Gun Toy with 10 Safe Soft Foam Bullets, Fun Target Shooting Battle Fight Game for Kids Boys (Storm- Hot Fire)",154.0
"Imagimake Window Art - Princess - 16 Pieces Glass Painting Set - Princess, Mermaid, Unicorn Designs - Craft Kit for Girls 5 Years & Above",649.0
"Little's Soft Plush Baby Ball with Rattle Sound (Size 11 cm, M, Multi color, Softball)",120.0
Flash Cards for Kids (Set of 20) Early Learning Flash Cards Easy & Fun Way of Learning 3 Months to 6 Years Kids | Flash Cards for Babies 6 to 12 Months (Combo Set),1299.0
GRAPHENE® Magic Water Quick Dry Book Water Coloring Book Doodle with Magic Pen Painting Board for Children Education Drawing Pad Magic Water Book Reusable Drawing Book,59.0
Storio Cubes 3x3 High Speed Sticker Less Magic Puzzle Cube Game Toy (3x3),98.0
Storio Toys Educational Learning Talking Flash Cards for 2 Year Old Kids Boys Girls Baby Montessori Toys,344.0
Wembley Magnetic Sticks Building Blocks for Kids Toys for Girls | Magnetic Toys for Boys Age 3+ Years 4 5 6 7 8 10 12 14 Old - STEM Learning Creative Brain Development Toys with Magnet Balls - 32 Pcs,899.0
"Cable World® Colourful Plastic Non Toxic Set of 7 Attractive Rattles and Teathers for New Borns, Baby,Kid (Multi Color)",188.0
"Graphene Educational Learning Kids Laptop Tablet Computer with Music and Fun Activities, Engaging Learning Toy for Toddlers| Ideal Educational Laptop with Games, Colorful",599.0
"Chocozone Wooden Learning Educational Board for Kids, Puzzle Toys for 2 Years Old Boys & Girls (Alphabets, Numbers & Shapes) (ABC, Numbers & Shapes)",498.0
Cubelelo Drift Warrior 3x3 Stickerless Cube | Beginner Speedcube for Kids & Adults | Magic Speedy Stress Buster Brainstorming Puzzle (Multicolor),189.0
"Storio Dancing Monkey Musical Toy for Kids Baby Spinning Rolling Doll Tumble Toy with Voice Control Musical Light and Sound Effects with Sensor, Multicolor",248.0
Little's Nesting Eggs I Activity Toy for Babies I Multicolor I Infant & Preschool Toys I Develops Motor & Reasoning Skills,125.0
Pikipo Kitty Face Rattle Soft Toy with Squeeze Handle for Squeaky Sound (Red),193.0
Welko-Foldable-Toy-Drone-with-HQ-WiFi-Camera-Remote-Control-for-Kids-Quadcopter-Gesture-Selfie-Flips-Mode-App-One-Key-Headless-Mode (DG2),1999.0
"Cable World® Educational Laptop Computer Toy with Mouse for Kids Above 3 Years - 20 Fun Activity Learning Machine, Now Learn Letter, Words, Games, Mathematics, Music, Logic, Memory Tool - Blue",999.0
Wembley Hungry Frog Games Eating Beans Games | Indoor Games Interactive Game Toy of Family Board Games for Kids | Interactive Game Toys Multiplayer Game for 2 Player,499.0
Wembley RC Car High Speed Mini 1:24 Scale USB Rechargeable Remote Control Car for Kids | Racing Car (Black & Red),699.0
VGRASSP Reusable Magic Water Quick Dry Book Learning Toy Doodle and Scribble with Magic Doodle Pen for Painting Fun Drawing Pad Toy for Boys and Girls - (Random Designs As Per Stock) (VGWB0011),68.0
Wembley Baby Bath Toys 3 PCS Insect Suction Cup Spinner Toy for Baby Boys Girls Pop up Toy Waterproof Suction Cup Spinning Top Rotating Montessori Learning Toy Sticks to Smooth Surface (Multicolor),699.0
"FunBlast DIY Plastic Building Blocks for Kids Puzzle Games for Kids, Toys for Children Educational & Learning Toy for Kids, Girls & Boys - (250+ Blocks with 38 Wheels) Multicolor (250 pieces)",349.0
"Skillmatics Large Flash Cards for Babies & Infants - High Contrast, Newborn Visual Stimulation & Sensory Development for 0 to 12 Months, 60 Pictures, Gifts, Travel Friendly",664.0
"Wembley Toys Talking Cactus For Kids Dancing Cactus Toys Can Sing Wriggle & Singing Recording Repeat What You Say Funny Education Toys Playing Home Decor Items For Kids,Green",499.0
"Blix Queaky- STEM Toy, Best Gift Toy for Kids (Yellow)",507.0
"Imagimake Learn Indian Art Forms-Arts and Craft DIY Kit For Kids 8-12, 5 Indian Art Forms-Madhubani, Warli, Lippan, Mandala & Block Printing Arts, Perfect DIY for Girls Kids & Boys multi-color.",1299.0
